,precision,recall,f1-score,support
glioma_tumor,0.45901639344262296,0.7,0.5544554455445544,40.0
meningioma_tumor,0.7777777777777778,0.15555555555555556,0.25925925925925924,45.0
no_tumor,0.5945945945945946,0.6111111111111112,0.6027397260273972,36.0
pituitary_tumor,0.5116279069767442,0.7586206896551724,0.6111111111111112,29.0
accuracy,0.5266666666666666,0.5266666666666666,0.5266666666666666,0.5266666666666666
macro avg,0.5857541681979349,0.5563218390804598,0.5068913854855805,150.0
weighted avg,0.5973551363029059,0.5266666666666666,0.4884382456510491,150.0
