,precision,recall,f1-score,support
glioma_tumor,0.32075471698113206,0.5,0.39080459770114945,34.0
meningioma_tumor,0.0,0.0,0.0,47.0
no_tumor,0.6,0.675,0.6352941176470589,40.0
pituitary_tumor,0.5192307692307693,0.9310344827586207,0.6666666666666666,29.0
accuracy,0.47333333333333333,0.47333333333333333,0.47333333333333333,0.47333333333333333
macro avg,0.35999637155297537,0.5265086206896552,0.42319134550371873,150.0
weighted avg,0.3330890179003386,0.47333333333333333,0.3868830290736984,150.0
