,precision,recall,f1-score,support
glioma_tumor,0.5555555555555556,0.1388888888888889,0.22222222222222227,36.0
meningioma_tumor,0.7049180327868853,0.9555555555555556,0.8113207547169811,45.0
no_tumor,0.7017543859649122,0.9302325581395349,0.8,43.0
pituitary_tumor,1.0,0.8846153846153846,0.9387755102040816,26.0
accuracy,0.74,0.74,0.74,0.74
macro avg,0.7405569935768382,0.727323096799841,0.6930796217858213,150.0
weighted avg,0.7193116671460071,0.74,0.6887839815171352,150.0
